<?xml version="1.0" encoding="UTF-8"?>
<model xmlns="http://www.alfresco.org/model/dictionary/1.0" name="cba:cba">
    <author>Demo User</author>
    <imports>
        <import uri="http://www.alfresco.org/model/dictionary/1.0" prefix="d"/>
    </imports>
    <namespaces>
        <namespace uri="cba" prefix="cba"/>
    </namespaces>
    <data-types/>
    <constraints/>
    <types/>
    <aspects>
        <aspect name="cba:baseBrokerInfo">
            <title>baseBrokerInfo</title>
            <properties>
                <property name="cba:enteredValue">
                    <title>Entered Value</title>
                    <type>d:text</type>
                    <mandatory>false</mandatory>
                    <index enabled="true">
                        <tokenised>BOTH</tokenised>
                        <facetable>true</facetable>
                    </index>
                </property>
                <property name="cba:entryDate">
                    <title>Entry Date</title>
                    <type>d:date</type>
                    <mandatory>false</mandatory>
                    <index enabled="true">
                        <tokenised>TRUE</tokenised>
                    </index>
                </property>
                <property name="cba:origin">
                    <title>Origin</title>
                    <type>d:text</type>
                    <mandatory>false</mandatory>
                    <index enabled="true">
                        <tokenised>BOTH</tokenised>
                        <facetable>true</facetable>
                    </index>
                </property>
                <property name="cba:Supplier">
                    <title>Supplier</title>
                    <type>d:text</type>
                    <mandatory>false</mandatory>
                    <index enabled="true">
                        <tokenised>BOTH</tokenised>
                        <facetable>true</facetable>
                    </index>
                </property>
                <property name="cba:entryNumber">
                    <title>Entry Number</title>
                    <type>d:text</type>
                    <mandatory>false</mandatory>
                    <index enabled="true">
                        <tokenised>BOTH</tokenised>
                        <facetable>true</facetable>
                    </index>
                </property>
                <property name="cba:classification">
                    <title>Classification</title>
                    <type>d:text</type>
                    <mandatory>false</mandatory>
                    <index enabled="true">
                        <tokenised>BOTH</tokenised>
                        <facetable>true</facetable>
                    </index>
                </property>
                <property name="cba:info">
                    <title>info</title>
                    <type>d:text</type>
                    <mandatory>false</mandatory>
                    <index enabled="true">
                        <tokenised>TRUE</tokenised>
                        <facetable>false</facetable>
                    </index>
                </property>
            </properties>
            <associations/>
            <overrides/>
            <mandatory-aspects/>
        </aspect>
    </aspects>
</model>