<?xml version="1.0" encoding="UTF-8"?><module>
   <id>CMM_cba</id>
   <auto-deploy>true</auto-deploy>
   <configurations>
      
      <!-- Document Library config section -->
      <config condition="DocumentLibrary" evaluator="string-compare" replace="false">
         <aspects>
            <visible>
               <aspect label="baseBrokerInfo" name="cba:baseBrokerInfo"/>
            </visible>
         </aspects>
      </config>

      <!-- Form configuration section - type -->
      
      <!-- Form configuration section - aspect -->
      <config condition="cba:baseBrokerInfo" evaluator="aspect">
         <forms>
            <form>
               <field-visibility>
                  <show id="cba:info"/>
               </field-visibility>
               <appearance>
                  <set appearance="whitespace" id="cba:baseBrokerInfo_cmm_set0"/>
                  <field id="cba:info" set="cba:baseBrokerInfo_cmm_set0">
                  </field>
               </appearance>
            </form>
         </forms>
      </config>
      
      <!-- Entity form designer configuration -->
      <config condition="FormDefinition" evaluator="string-compare">
         <form-definition id="baseBrokerInfo">[{"elementconfig":{"label":"","appearance":"bordered-panel"},"pseudonym":"cmm/editor/layout/1cols","label":"cmm.form-editor.palette.one-column","type":["layout"],"column":[{"pseudonym":"cmm/editor/property/text","id":"cba:info","elementconfig":{"infoname":"info","infolabel":"info","infotype":"d:text"},"label":"info [info]","type":["property"]}]}]</form-definition>
      </config>

   </configurations>
</module>
